name,resource_type,water_fountain,bottle_filler,jug_filler,dog_fountain,latitude,longitude,access,public_access_hours_open,public_access_hours_close,public_access_days,data_as_of
Drinking Fountain/Cooler,drinking_water,1,1,0,0,37.74195621,-122.46517039,publicly_accessible,08:00:00,20:00:00,Daily,2024/07/23 12:28:50 PM
Herz Playground Clubhouse,restroom,0,0,0,0,37.71394326427549,-122.41637790217736,publicly_accessible,08:00:00,20:00:00,Daily,2024/08/13 04:58:33 PM
Moscone Rec Center,restroom,0,0,0,0,37.801484546132755,-122.43318577042552,publicly_accessible,08:00:00,20:00:00,Daily,2024/08/13 05:16:30 PM
Mendell Plaza,drinking_water,0,1,1,0,37.734648,-122.390524,publicly_accessible,,,Daily,2024/06/27 01:43:12 PM
Golden Gate Park - Section 6 - Drinking Fountain/Cooler,drinking_water,1,1,0,0,37.766804140000005,-122.50818661,publicly_accessible,08:00:00,20:00:00,Daily,2024/07/23 12:28:50 PM
Alta Plaza Park - Drinking Fountain/Cooler,drinking_water,1,0,0,0,37.79123999,-122.43819734,publicly_accessible,08:00:00,20:00:00,Daily,2024/07/23 12:28:50 PM
Hilltop Park,drinking_water,0,1,1,0,37.73328,-122.38366,publicly_accessible,,,Daily,2024/06/27 01:43:12 PM
Golden Gate Park - Section 5 - Drinking Fountain/Cooler,drinking_water,1,0,0,0,37.77055697,-122.48014119,publicly_accessible,08:00:00,20:00:00,Daily,2024/07/23 12:28:50 PM
Garfield Path Drinking Fountain,drinking_water,1,1,0,0,37.75012374000001,-122.41247426,publicly_accessible,08:00:00,20:00:00,Daily,2024/07/23 12:28:50 PM
Main Library,drinking_water,1,0,0,0,37.779081776000055,-122.41615205,limited_access,,,Daily,2024/10/10 10:24:00 AM
Outer Sunset Pit Stop - Judah and La Playa streets (Rec Park),restroom,0,0,0,0,37.7603081,-122.5091618,publicly_accessible,,,,2024/10/10 10:39:51 AM
Duboce Park - Drinking Fountain/Cooler,drinking_water,1,1,0,0,37.769413269999994,-122.43349092,publicly_accessible,08:00:00,20:00:00,Daily,2024/07/23 12:28:50 PM
Golden Gate Park - Section 4 - Drinking Fountain/Cooler,drinking_water,1,0,0,0,37.77201682,-122.47114772,publicly_accessible,08:00:00,20:00:00,Daily,2024/07/23 12:28:50 PM
Golden Gate Park - Section 1 - Drinking Fountain/Cooler,drinking_water,1,0,0,0,37.76699113,-122.45332948,limited_access,08:00:00,20:00:00,Daily,2024/07/23 12:28:50 PM
Portsmouth Square - Drinking Fountain/Cooler,drinking_water,1,0,0,0,37.79508448,-122.40538466,publicly_accessible,08:00:00,20:00:00,Daily,2024/07/23 12:28:50 PM
Restrooms,restroom,0,0,0,0,37.751489051685674,-122.43921687699716,publicly_accessible,08:00:00,20:00:00,Daily,2024/08/13 04:58:33 PM
Marina Green East Restroom,restroom,0,0,0,0,37.80648339185096,-122.43453399335982,publicly_accessible,08:00:00,20:00:00,Daily,2024/08/13 04:58:33 PM
Corona Heights Park - Drinking Fountain/Cooler,drinking_water,1,0,0,0,37.76530769,-122.44027742,publicly_accessible,08:00:00,20:00:00,Daily,2024/07/23 12:28:50 PM
Drinking fountain,drinking_water,1,1,0,0,37.770929679999995,-122.47696559,publicly_accessible,08:00:00,20:00:00,Daily,2024/09/11 02:38:36 PM
South Beach Harbor,drinking_water,1,1,0,1,37.7803467,-122.3877,publicly_accessible,,,Daily,2024/10/04 01:51:23 PM
Midtown Terrace Clubhouse,restroom,0,0,0,0,37.75167265818647,-122.45588190223847,publicly_accessible,08:00:00,20:00:00,Daily,2024/08/13 04:58:33 PM
Midtown Terrace Playground - Drinking Fountain/Cooler,drinking_water,1,0,0,0,37.75167229,-122.45583378,publicly_accessible,08:00:00,20:00:00,Daily,2024/07/23 12:28:50 PM
Victoria Manalo Draves Park - Drinking Fountain/Cooler,drinking_water,1,0,0,0,37.77712696,-122.40618904,publicly_accessible,08:00:00,20:00:00,Daily,2024/07/23 12:28:50 PM
Visitacion Valley Clubhouse,restroom,0,0,0,0,37.71274482391884,-122.40868229341584,publicly_accessible,08:00:00,20:00:00,Daily,2024/08/13 04:58:33 PM
Kezar Turf Drinking fountain,drinking_water,1,1,0,0,37.767234820000006,-122.45515061,publicly_accessible,08:00:00,20:00:00,Daily,2024/07/23 12:28:50 PM
West Sunset Playground - Drinking Fountain/Cooler,drinking_water,1,0,0,0,37.7508196,-122.49832208,publicly_accessible,08:00:00,20:00:00,Daily,2024/07/23 12:28:50 PM
McCoppin Square Clubhouse,restroom,0,0,0,0,37.743551594363424,-122.480708410321,publicly_accessible,08:00:00,20:00:00,Daily,2024/08/13 04:58:33 PM
Mission Bay Library,drinking_water,1,0,0,0,37.77536972800005,-122.393097384,limited_access,,,Daily,2024/10/10 10:24:00 AM
Mission Rec Center,restroom,0,0,0,0,37.75822049006592,-122.4127976783385,publicly_accessible,08:00:00,20:00:00,Daily,2024/08/13 05:16:30 PM
Hayes Valley Playground - Drinking Fountain/Cooler,drinking_water,1,0,0,0,37.77606955,-122.42741294,publicly_accessible,08:00:00,20:00:00,Daily,2024/07/23 12:28:50 PM
Jackson Clubhouse,restroom,0,0,0,0,37.76388493563468,-122.39892775694432,publicly_accessible,08:00:00,20:00:00,Daily,2024/08/13 04:58:33 PM
Parque Ninos Unidos Clubhouse,restroom,0,0,0,0,37.754352377295625,-122.41391608902444,publicly_accessible,08:00:00,20:00:00,Daily,2024/08/13 04:58:33 PM
Civic Center Pit Stop - Grove and Larkin streets (JCDecaux),restroom,0,0,0,0,37.7787317,-122.4169278,publicly_accessible,,,,2024/10/10 10:39:51 AM
Gleneagles Golf Course Clubhouse,restroom,0,0,0,0,37.71599531472845,-122.42456403444784,publicly_accessible,08:00:00,20:00:00,Daily,2024/08/21 02:15:01 PM
SoMa Pit Stop - Victoria Manalo Draves Park (Rec Park),restroom,0,0,0,0,37.7767602,-122.4060242,limited_access,,,,2024/10/10 10:39:51 AM
Crocker Amazon Playground - Drinking Fountain/Cooler,drinking_water,1,1,0,0,37.71272264,-122.42731925,publicly_accessible,08:00:00,20:00:00,Daily,2024/07/23 12:28:50 PM
Alice Chalmers Playground - Alice Chalmers Path Drinking Fountain,drinking_water,1,1,0,0,37.70959876,-122.44705579,publicly_accessible,08:00:00,20:00:00,Daily,2024/10/01 05:13:37 PM
Cayuga Clubhouse,restroom,0,0,0,0,37.71434069987213,-122.44983895970807,publicly_accessible,08:00:00,20:00:00,Daily,2024/08/13 04:58:33 PM
Ingleside Branch,drinking_water,1,0,0,0,37.72405708700006,-122.45626482999997,limited_access,,,Daily,2024/10/10 10:24:00 AM
Beach Chalet,restroom,0,0,0,0,37.76959000789354,-122.51011435778472,limited_access,08:00:00,20:00:00,Daily,2024/08/21 02:15:01 PM
Francisco Path Drinking Fountain,drinking_water,1,0,0,0,37.80361475,-122.42127042,publicly_accessible,08:00:00,20:00:00,Daily,2024/07/23 12:28:50 PM
Washington Square Restrooms,restroom,0,0,0,0,37.801064242552535,-122.41063428491248,publicly_accessible,08:00:00,20:00:00,Daily,2024/08/13 04:58:33 PM
Robin Williams Meadow Restroom,restroom,0,0,0,0,37.76820061034034,-122.45894632494796,publicly_accessible,08:00:00,20:00:00,Daily,2024/08/21 02:15:01 PM
Beach Chalet Soccer South Path,drinking_water,1,0,0,0,37.76609576,-122.50844352,publicly_accessible,08:00:00,20:00:00,Daily,2024/07/23 12:28:50 PM
Restrooms,restroom,0,0,0,0,37.79171974893089,-122.40509211818922,publicly_accessible,08:00:00,20:00:00,Daily,2024/08/13 04:58:33 PM
Stanyan Kiosk,restroom,0,0,0,0,37.769905471421275,-122.45428183846612,limited_access,08:00:00,20:00:00,Daily,2024/08/21 02:15:01 PM
Bernal Heights Path Drinking Fountain,drinking_water,1,1,0,0,37.7419817,-122.41632774,publicly_accessible,08:00:00,20:00:00,Daily,2024/07/23 12:28:50 PM
McLaren Bike Muni Restroom,restroom,0,0,0,0,37.71408971379147,-122.42331647505156,publicly_accessible,08:00:00,20:00:00,Daily,2024/08/21 02:15:01 PM
"Mid-Market Pit Stop - Market Street, between Hyde and 7th streets",restroom,0,0,0,0,37.7797652,-122.4136255,publicly_accessible,,,,2024/10/10 10:39:51 AM
Tenderloin Pit Stop - 701 Ellis St. (at Larkin),restroom,0,0,0,0,37.7842471,-122.4177342,publicly_accessible,,,,2024/10/10 10:39:51 AM
Mission Clubhouse,restroom,0,0,0,0,37.75940474502767,-122.42242458308024,publicly_accessible,08:00:00,20:00:00,Daily,2024/08/13 04:58:33 PM
India Basin Park,drinking_water,1,1,0,1,37.735292,-122.376172,publicly_accessible,,,Daily,2024/10/04 01:51:23 PM
Kezar Turf Drinking fountain,drinking_water,1,0,0,0,37.76616713,-122.45630314,publicly_accessible,08:00:00,20:00:00,Daily,2024/07/23 12:28:50 PM
Pier 40,restroom,0,0,0,0,37.811076,-122.410559,publicly_accessible,07:00:00,22:00:00,Daily,2024/10/04 01:51:23 PM
Douglass Dog Play Area Drinking Fountain,drinking_water,1,0,0,0,37.746956389999994,-122.43891312,publicly_accessible,08:00:00,20:00:00,Daily,2024/07/23 12:28:50 PM
Restroom,restroom,0,0,0,0,37.77677036001743,-122.406057796802,publicly_accessible,08:00:00,20:00:00,Daily,2024/08/13 04:58:33 PM
Joe DiMaggio Clubhouse/Pool,restroom,0,0,0,0,37.8027666216579,-122.41217825887536,publicly_accessible,08:00:00,20:00:00,Daily,2024/08/13 04:58:33 PM
Japanese Tea Garden Female Restroom,restroom,0,0,0,0,37.77048005336832,-122.46945822510776,publicly_accessible,08:00:00,20:00:00,Daily,2024/08/21 02:15:01 PM
Drinking Fountain/Cooler,drinking_water,1,1,0,0,37.7853789,-122.41809576,publicly_accessible,08:00:00,20:00:00,Daily,2024/07/23 12:28:50 PM
Bike Park Bottle Filling station,drinking_water,1,1,0,0,37.71402182,-122.42315072,publicly_accessible,08:00:00,20:00:00,Daily,2024/07/23 12:28:50 PM
Sunnyside Playground - Drinking Fountain/Cooler,drinking_water,1,0,0,0,37.73385632,-122.44819922,publicly_accessible,08:00:00,20:00:00,Daily,2024/07/23 12:28:50 PM
Garfield Children's Play Area Path,drinking_water,1,0,0,0,37.76460911,-122.40948568,publicly_accessible,08:00:00,20:00:00,Daily,2024/07/23 12:28:50 PM
3rd and Clement,drinking_water,0,1,0,0,37.783196,-122.461368,publicly_accessible,,,Daily,2024/06/27 01:43:12 PM
Guy Place Mini Park - Drinking Fountain/Cooler,drinking_water,1,0,0,0,37.78659459,-122.39431447,publicly_accessible,08:00:00,20:00:00,Daily,2024/07/23 12:28:50 PM
Raymond Kimball Playground - Drinking Fountain/Cooler,drinking_water,1,1,0,0,37.78248803,-122.4355881,publicly_accessible,08:00:00,20:00:00,Daily,2024/07/23 12:28:50 PM
Haight Pit Stop - Buena Vista Avenue East & Haight Street,restroom,0,0,0,0,37.7708518,-122.4403874,publicly_accessible,,,,2024/10/10 10:39:51 AM
Portsmouth Square Clubhouse,restroom,0,0,0,0,37.79502053126163,-122.40533899196149,publicly_accessible,08:00:00,20:00:00,Daily,2024/08/13 04:58:33 PM
Betty Ann Ong Chinese Rec Center - Drinking Fountain/Cooler,drinking_water,1,0,0,0,37.794290800000006,-122.41169429,publicly_accessible,08:00:00,20:00:00,Daily,2024/07/23 12:28:50 PM
Excelsior Branch Library,drinking_water,1,0,0,0,37.72713052100005,-122.43331540999998,limited_access,,,Daily,2024/10/10 10:24:00 AM
Restrooms,restroom,0,0,0,0,37.73620116438634,-122.4782232264926,publicly_accessible,08:00:00,20:00:00,Daily,2024/08/13 04:58:33 PM
Gene Friend Rec Center,restroom,0,0,0,0,37.77878684551738,-122.40633918397188,publicly_accessible,08:00:00,20:00:00,Daily,2024/08/13 05:16:30 PM
Harvey Milk Recreational Arts Bldg,restroom,0,0,0,0,37.769579237561544,-122.43457746937769,publicly_accessible,08:00:00,20:00:00,Daily,2024/08/13 05:11:19 PM
Restroom,restroom,0,0,0,0,37.746283168602446,-122.43968177852058,publicly_accessible,08:00:00,20:00:00,Daily,2024/08/13 04:58:33 PM
Martin Luther King Jr Pool,restroom,0,0,0,0,37.72539339194417,-122.39337823570943,publicly_accessible,08:00:00,20:00:00,Daily,2024/08/20 06:25:03 PM
Restrooms,restroom,0,0,0,0,37.80129138272988,-122.41678430772168,publicly_accessible,08:00:00,20:00:00,Daily,2024/08/13 04:58:33 PM
Angelo J. Rossi Playground - Drinking Fountain/Cooler,drinking_water,1,0,0,0,37.77799689,-122.45769443,publicly_accessible,08:00:00,20:00:00,Daily,2024/07/23 12:28:50 PM
Kezar Pavilion,restroom,0,0,0,0,37.76745061878301,-122.45405121776848,publicly_accessible,08:00:00,20:00:00,Daily,2024/08/21 02:15:01 PM
Miraloma Playground Clubhouse,restroom,0,0,0,0,37.739129517709415,-122.44952483192756,publicly_accessible,08:00:00,20:00:00,Daily,2024/08/13 04:58:33 PM
Golden Gate Valley Branch Library,drinking_water,1,0,0,0,37.796788830000025,-122.429023471,limited_access,,,Daily,2024/10/10 10:24:00 AM
Sunnyside Playground Clubhouse,restroom,0,0,0,0,37.73377719959593,-122.44773858945292,publicly_accessible,08:00:00,20:00:00,Daily,2024/08/13 04:58:33 PM
Cottage Row Mini Park - Drinking Fountain/Cooler,drinking_water,1,0,0,0,37.78641126,-122.43227246,publicly_accessible,08:00:00,20:00:00,Daily,2024/07/23 12:28:50 PM
Sunset Branch Library,drinking_water,1,0,0,0,37.76334875500004,-122.47631075399994,limited_access,,,Daily,2024/10/10 10:24:00 AM
Mission Pit Stop - 3100 26th Street,restroom,0,0,0,0,37.749447,-122.4116183,publicly_accessible,,,,2024/10/10 10:39:51 AM
In Chan KaJaal Path Drinking fountain,drinking_water,1,0,0,0,37.7640845,-122.41599352,publicly_accessible,08:00:00,20:00:00,Daily,2024/07/23 12:28:50 PM
Lower Great Highway Taraval Restrooms,restroom,0,0,0,0,37.741426624578615,-122.50707979596514,publicly_accessible,08:00:00,20:00:00,Daily,2024/08/21 02:15:01 PM
Telegraph Hill - Pioneer Park - Drinking Fountain/Cooler,drinking_water,1,0,0,0,37.80227023,-122.4059445,publicly_accessible,08:00:00,20:00:00,Daily,2024/07/23 12:28:50 PM
Mission Dolores South Restrooms,restroom,0,0,0,0,37.75856332910622,-122.42641901416428,publicly_accessible,08:00:00,20:00:00,Daily,2024/08/13 04:58:33 PM
Lafayette Park - Drinking Fountain/Cooler,drinking_water,1,0,0,0,37.79131419,-122.42861962,publicly_accessible,08:00:00,20:00:00,Daily,2024/07/23 12:28:50 PM
Upper Noe Rec Center - Drinking Fountain/Cooler,drinking_water,1,0,0,0,37.74272962,-122.42702129,publicly_accessible,08:00:00,20:00:00,Daily,2024/07/23 12:28:50 PM
Mission Pit Stop - Julian Avenue & 15th Street,restroom,0,0,0,0,37.7665961,-122.4210799,publicly_accessible,,,,2024/10/10 10:39:51 AM
Louis Sutter Clubhouse,restroom,0,0,0,0,37.722389879019694,-122.41438687566156,publicly_accessible,08:00:00,20:00:00,Daily,2024/08/13 04:58:33 PM
Palega Playground - Drinking Fountain/Cooler,drinking_water,1,0,0,0,37.72928418,-122.40970258,publicly_accessible,08:00:00,20:00:00,Daily,2024/07/23 12:28:50 PM
Tennis Center Bottle filling station,drinking_water,1,1,0,0,37.77022025,-122.45937144,publicly_accessible,08:00:00,20:00:00,Daily,2024/07/23 12:28:50 PM
Parque Ninos Unidos - Drinking Fountain/Cooler,drinking_water,1,0,0,0,37.75439025,-122.41381918,limited_access,08:00:00,20:00:00,Daily,2024/07/23 12:28:50 PM
Drinking Fountain/Cooler,drinking_water,1,0,0,0,37.76084189,-122.4275699,publicly_accessible,08:00:00,20:00:00,Daily,2024/07/23 12:28:50 PM
Drinking Fountain,drinking_water,1,0,0,0,37.74789866,-122.49752444,publicly_accessible,08:00:00,20:00:00,Daily,2024/07/23 12:28:50 PM
Horseshoe Pits Restroom,restroom,0,0,0,0,37.77375254047893,-122.45599542644344,publicly_accessible,08:00:00,20:00:00,Daily,2024/08/21 02:15:01 PM
Sunset Rec Center - Drinking Fountain/Cooler,drinking_water,1,0,0,0,37.75712691,-122.48691579,publicly_accessible,08:00:00,20:00:00,Daily,2024/07/23 12:28:50 PM
Mothers Meadow Drinking fountain,drinking_water,1,1,0,0,37.76634787,-122.47663376,publicly_accessible,08:00:00,20:00:00,Daily,2024/07/23 12:28:50 PM
Drinking Fountain/Cooler,drinking_water,1,1,0,0,37.72220333,-122.41308386,publicly_accessible,08:00:00,20:00:00,Daily,2024/07/23 12:28:50 PM
Lower Polk - Myrtle and Larkin streets (JCDecaux),restroom,0,0,0,0,37.7855716,-122.4180901,publicly_accessible,,,,2024/10/10 10:39:51 AM
Alta Plaza Park - Drinking Fountain/Cooler,drinking_water,1,0,0,0,37.79118298,-122.43717434,publicly_accessible,08:00:00,20:00:00,Daily,2024/07/23 12:28:50 PM
Kezar Stadium,restroom,0,0,0,0,37.76671178167006,-122.45600547963194,publicly_accessible,08:00:00,20:00:00,Daily,2024/08/21 02:15:01 PM
Restrooms,restroom,0,0,0,0,37.76376981288262,-122.43858249636833,publicly_accessible,08:00:00,20:00:00,Daily,2024/08/13 04:58:33 PM
Rossi Pool,restroom,0,0,0,0,37.77906456359353,-122.45837511234984,publicly_accessible,08:00:00,20:00:00,Daily,2024/08/13 04:58:33 PM
Golden Gate Park - Section 1 - Drinking Fountain/Cooler,drinking_water,1,0,0,0,37.7663337,-122.45492153,publicly_accessible,08:00:00,20:00:00,Daily,2024/07/23 12:28:50 PM
Palega Playground - Drinking Fountain/Cooler,drinking_water,1,0,0,0,37.72905279,-122.41024196,publicly_accessible,08:00:00,20:00:00,Daily,2024/07/23 12:28:50 PM
Mission Playground - Drinking Fountain/Cooler,drinking_water,1,0,0,0,37.759595020000006,-122.42274036,publicly_accessible,08:00:00,20:00:00,Daily,2024/07/23 12:28:50 PM
Camp Mather - Drinking fountain,drinking_water,1,0,0,0,37.88353247,-119.85688926,publicly_accessible,08:00:00,20:00:00,Daily,2024/08/19 09:47:28 AM
Garfield Pool,restroom,0,0,0,0,37.749976574885075,-122.41197072408409,publicly_accessible,08:00:00,20:00:00,Daily,2024/08/20 06:25:03 PM
Lindley/Spdwy Drinking fountain,drinking_water,1,0,0,0,37.76936528,-122.49313418,publicly_accessible,08:00:00,20:00:00,Daily,2024/07/23 12:28:50 PM
Marina Branch Library,drinking_water,1,0,0,0,37.80137363200003,-122.434135665,limited_access,,,Daily,2024/10/10 10:24:00 AM
Ocean View Branch Library,drinking_water,1,0,0,0,37.71413776700007,-122.465970826,limited_access,,,Daily,2024/10/10 10:24:00 AM
Willie Woo Woo Wong Playground - Drinking Fountain/Cooler,drinking_water,1,0,0,0,37.79362387,-122.40706237,publicly_accessible,08:00:00,20:00:00,Daily,2024/07/23 12:28:50 PM
Drinking Fountain,drinking_water,1,0,0,0,37.772121420000005,-122.44773409,limited_access,08:00:00,20:00:00,Daily,2024/07/23 12:28:50 PM
Restrooms,restroom,0,0,0,0,37.71718343500864,-122.38878587677976,publicly_accessible,08:00:00,20:00:00,Daily,2024/09/05 08:57:17 AM
Anza Branch Library,drinking_water,1,0,0,0,37.77856950700004,-122.49725809499996,limited_access,,,Daily,2024/10/10 10:24:00 AM
Cayuga Playground - Drinking Fountain/Cooler,drinking_water,1,0,0,0,37.71432704,-122.44986996,publicly_accessible,08:00:00,20:00:00,Daily,2024/07/23 12:28:50 PM
Palega Playground - Drinking Fountain/Cooler,drinking_water,1,1,0,0,37.72937032,-122.40967734,publicly_accessible,08:00:00,20:00:00,Daily,2024/07/23 12:28:50 PM
China Basin Park Water Fountain #3,drinking_water,1,1,0,1,37.776004,-122.388026,publicly_accessible,,,Daily,2024/10/04 01:51:23 PM
St. Mary's Square - Drinking Fountain/Cooler,drinking_water,1,0,0,0,37.79172529,-122.40516295,publicly_accessible,08:00:00,20:00:00,Daily,2024/07/23 12:28:50 PM
Arriba Juntos,drinking_water,0,1,1,0,37.76735,-122.420036,publicly_accessible,,,Daily,2024/06/27 01:43:12 PM
Drinking Fountain/Cooler,drinking_water,1,1,0,0,37.78266862,-122.41594619,publicly_accessible,08:00:00,20:00:00,Daily,2024/07/23 12:28:50 PM
Mission Dolores Park - Drinking Fountain/Cooler,drinking_water,1,0,0,1,37.75945603,-122.42710373,publicly_accessible,08:00:00,20:00:00,Daily,2024/07/23 12:28:50 PM
Southeast Community Center Water Fountain,drinking_water,1,0,0,0,37.742691,-122.387441,limited_access,07:00:00,19:00:00,Weekdays,2024/06/27 01:43:12 PM
Blue Heron Lake Restrooms,restroom,0,0,0,0,37.770982133423345,-122.47687712949111,publicly_accessible,08:00:00,20:00:00,Daily,2024/08/21 02:15:01 PM
Mission Creek Maintenance Bldg,restroom,0,0,0,0,37.77135493025545,-122.39873334886664,publicly_accessible,08:00:00,20:00:00,Daily,2024/08/13 04:58:33 PM
Silver Tree Clubhouse,restroom,0,0,0,0,37.74066815988966,-122.44236800766512,publicly_accessible,08:00:00,20:00:00,Daily,2024/08/13 04:58:33 PM
Restrooms,restroom,0,0,0,0,37.8035364588777,-122.42122885313788,publicly_accessible,08:00:00,20:00:00,Daily,2024/08/13 04:58:33 PM
John McLaren Park - Drinking Fountain/Cooler,drinking_water,1,0,0,0,37.71923962,-122.4128329,publicly_accessible,08:00:00,20:00:00,Daily,2024/07/23 12:28:50 PM
Crocker Amazon Playground - Drinking Fountain/Cooler,drinking_water,1,0,0,0,37.714400729999994,-122.42886246,publicly_accessible,08:00:00,20:00:00,Daily,2024/07/23 12:28:50 PM
Glen Canyon Park - Drinking Fountain/Cooler,drinking_water,1,0,0,1,37.73655267,-122.44078843,publicly_accessible,08:00:00,20:00:00,Daily,2024/07/23 12:28:50 PM
Ortega Branch Library,drinking_water,1,0,0,0,37.75122405800005,-122.49810319699998,limited_access,,,Daily,2024/10/10 10:24:00 AM
Alice Chalmers Playground - Drinking Fountain/Cooler,drinking_water,1,0,0,0,37.70975592,-122.44678565,publicly_accessible,08:00:00,20:00:00,Daily,2024/07/23 12:28:50 PM
Jerry Garcia Parking Bottle filling station,drinking_water,1,1,0,0,37.7209238,-122.41692421,publicly_accessible,08:00:00,20:00:00,Daily,2024/07/23 12:28:50 PM
Restrooms,restroom,0,0,0,0,37.79172382012726,-122.42815243343853,publicly_accessible,08:00:00,20:00:00,Daily,2024/08/13 04:58:33 PM
Mission Dolores North Restrooms,restroom,0,0,0,0,37.76079354207481,-122.42768731036251,publicly_accessible,08:00:00,20:00:00,Daily,2024/08/13 04:58:33 PM
Mother's Meadow Restroom - Male Restroom,restroom,0,0,0,0,37.76638470261748,-122.476697089109,publicly_accessible,08:00:00,20:00:00,Daily,2024/08/21 02:15:01 PM
Beach Chalet Soccer Fields Restrooms,restroom,0,0,0,0,37.767267840268474,-122.50798559173631,publicly_accessible,08:00:00,20:00:00,Daily,2024/08/21 02:15:01 PM
Parkside Branch Library,drinking_water,1,0,0,0,37.74316235800006,-122.47934506399996,limited_access,,,Daily,2024/10/10 10:24:00 AM
Boat Children's Play Area Restroom,restroom,0,0,0,0,37.7644801806687,-122.50495827514384,publicly_accessible,08:00:00,20:00:00,Daily,2024/08/21 02:15:01 PM
Mountain Lake Park - Drinking Fountain/Cooler,drinking_water,1,0,0,0,37.78749349,-122.4684184,publicly_accessible,08:00:00,20:00:00,Daily,2024/07/23 12:28:50 PM
Mission Rec Center - Drinking Fountain/Cooler,drinking_water,1,0,0,0,37.7581285,-122.413062,limited_access,08:00:00,20:00:00,Daily,2024/07/23 12:28:50 PM
J.P. Murphy Playground - Drinking Fountain/Cooler,drinking_water,1,0,0,0,37.75209419,-122.4650576,publicly_accessible,08:00:00,20:00:00,Daily,2024/07/23 12:28:50 PM
Bayfront Park ##2,drinking_water,1,1,1,1,37.769266,-122.385705,,,,,2024/10/04 01:51:23 PM
Walter Haas Playground - Drinking Fountain/Cooler,drinking_water,1,1,0,0,37.74064005,-122.43528428,publicly_accessible,08:00:00,20:00:00,Daily,2024/07/23 12:28:50 PM
Bayview Picnic AreaBottle filling station,drinking_water,1,1,0,0,37.725796290000005,-122.39330733,publicly_accessible,08:00:00,20:00:00,Daily,2024/07/23 12:28:50 PM
Fulton Clubhouse,restroom,0,0,0,0,37.77354501950078,-122.48663993296265,publicly_accessible,08:00:00,20:00:00,Daily,2024/08/13 04:58:33 PM
China Basin Park Restroom,restroom,0,0,0,0,37.776348,-122.388505,publicly_accessible,,,Daily,2024/10/04 01:51:23 PM
Restroom,restroom,0,0,0,0,37.78422005104755,-122.50182639926255,publicly_accessible,08:00:00,20:00:00,Daily,2024/08/21 02:15:01 PM
Landscaped Areas,restroom,0,0,0,0,37.73921045423949,-122.38573118327052,publicly_accessible,08:00:00,20:00:00,Daily,2024/08/20 10:36:57 AM
Potrero Hill Rec Center,restroom,0,0,0,0,37.756272309679176,-122.39695006335867,publicly_accessible,08:00:00,20:00:00,Daily,2024/08/13 05:16:30 PM
Shoreview Park - Drinking Fountain/Cooler,drinking_water,1,1,0,0,37.73177917,-122.38125781,publicly_accessible,08:00:00,20:00:00,Daily,2024/07/23 12:28:50 PM
Bernal Heights Rec Center,restroom,0,0,0,0,37.738312761309125,-122.41599756145315,publicly_accessible,08:00:00,20:00:00,Daily,2024/08/13 05:17:47 PM
Margaret S. Hayward Clubhouse,restroom,0,0,0,0,37.780528059381275,-122.42582423061177,publicly_accessible,08:00:00,20:00:00,Daily,2024/08/13 04:58:33 PM
Margaret S.Hayward Playground - Drinking Fountain/Cooler,drinking_water,1,0,0,0,37.78069454,-122.42684637,publicly_accessible,08:00:00,20:00:00,Daily,2024/07/23 12:28:50 PM
Franklin Square - Drinking Fountain/Cooler,drinking_water,1,1,0,0,37.764807170000005,-122.40910428,publicly_accessible,08:00:00,20:00:00,Daily,2024/07/23 12:28:50 PM
Drinking Fountain/Cooler,drinking_water,1,0,0,0,37.79583564,-122.41043563,publicly_accessible,08:00:00,20:00:00,Daily,2024/07/23 12:28:50 PM
Tenderloin Pit Stop - Turk and Hyde streets,restroom,0,0,0,0,37.7825365,-122.4157402,publicly_accessible,,,,2024/10/10 10:39:51 AM
TNDC: Candlestick Block A,drinking_water,0,1,1,0,37.719071,-122.393147,publicly_accessible,,,Daily,2024/06/27 01:43:12 PM
Precita Park - Drinking Fountain/Cooler,drinking_water,1,0,0,0,37.7468604,-122.41325644,publicly_accessible,08:00:00,20:00:00,Daily,2024/07/23 12:28:50 PM
China Basin Park Water Fountain #5,drinking_water,0,1,1,0,37.775948,-122.389857,publicly_accessible,,,Daily,2024/10/04 01:51:23 PM
"Pier 7, J C Decaux",restroom,0,0,0,0,37.79897,-122.39703,publicly_accessible,,,Daily,2024/10/04 01:51:23 PM
James Rolph Jr Clubhouse,restroom,0,0,0,0,37.75003212278121,-122.40660090433184,publicly_accessible,08:00:00,20:00:00,Daily,2024/08/13 04:58:33 PM
Glen Park Branch Library,drinking_water,1,0,0,0,37.733980204000034,-122.43383315499996,limited_access,,,Daily,2024/10/10 10:24:00 AM
Lafayette Park - Drinking Fountain/Cooler,drinking_water,1,0,0,0,37.79159623,-122.42817796,publicly_accessible,08:00:00,20:00:00,Daily,2024/07/23 12:28:50 PM
Portsmouth Square - Drinking Fountain/Cooler,drinking_water,1,0,0,0,37.79460917,-122.40557791,publicly_accessible,08:00:00,20:00:00,Daily,2024/07/23 12:28:50 PM
Chowder Hut,restroom,0,0,0,0,37.8087256,-122.4155803,publicly_accessible,08:00:00,20:00:00,Daily,2024/10/04 01:51:23 PM
Castro Pit Stop - Market and Castro streets (JCDecaux),restroom,0,0,0,0,37.7627732,-122.4348053,publicly_accessible,,,,2024/10/10 10:39:51 AM
Patricia's Green in Hayes Valley - Drinking Fountain/Cooler,drinking_water,1,1,0,0,37.77594665,-122.42445427,publicly_accessible,08:00:00,20:00:00,Daily,2024/07/23 12:28:50 PM
Laurel Hill Clubhouse,restroom,0,0,0,0,37.78369098827751,-122.4511354376156,publicly_accessible,08:00:00,20:00:00,Daily,2024/08/13 04:58:33 PM
Upper Noe Rec Center,restroom,0,0,0,0,37.74244647159215,-122.42843387178414,publicly_accessible,08:00:00,20:00:00,Daily,2024/08/13 05:16:30 PM
Lower Great Highway Judah Restrooms,restroom,0,0,0,0,37.760245264681615,-122.50956649424046,publicly_accessible,08:00:00,20:00:00,Daily,2024/08/21 02:15:01 PM
West Portal Branch Library,drinking_water,1,0,0,0,37.74137018500005,-122.46614395199998,limited_access,,,Daily,2024/10/10 10:24:00 AM
Mountain Lake Park - Drinking Fountain/Cooler,drinking_water,1,0,0,0,37.786971650000005,-122.46793154,publicly_accessible,08:00:00,20:00:00,Daily,2024/07/23 12:28:50 PM
Golden Gate Park - Section 5 - Drinking Fountain/Cooler,drinking_water,1,0,0,0,37.77163402,-122.49513619,publicly_accessible,08:00:00,20:00:00,Daily,2024/07/23 12:28:50 PM
Sunnyside Conservatory,restroom,0,0,0,0,37.73197548973464,-122.44079024379074,publicly_accessible,08:00:00,20:00:00,Daily,2024/08/20 10:36:57 AM
Hayes Valley Clubhouse,restroom,0,0,0,0,37.77590945664165,-122.42765945401244,publicly_accessible,08:00:00,20:00:00,Daily,2024/08/13 04:58:33 PM
Big Rec Restroom,restroom,0,0,0,0,37.768518818120874,-122.4655995456185,publicly_accessible,08:00:00,20:00:00,Daily,2024/08/21 02:15:01 PM
Potrero Hill Rec Center - Drinking Fountain/Cooler,drinking_water,1,0,0,0,37.75609616,-122.39683774,publicly_accessible,08:00:00,20:00:00,Daily,2024/07/23 12:28:50 PM
Ocean Beach Pit Stop - Great Highway near Beach Chalet,restroom,0,0,0,0,37.7675953,-122.5107794,publicly_accessible,,,,2024/10/10 10:39:51 AM
SF SPCA,drinking_water,0,1,1,0,37.765617,-122.412366,publicly_accessible,,,Daily,2024/06/27 01:43:12 PM
Drinking Fountain/Cooler,drinking_water,1,0,0,0,37.71454846,-122.4058261,limited_access,08:00:00,20:00:00,Daily,2024/07/23 12:28:50 PM
Stanyan Edge Courtyard Drinking Fountain,drinking_water,1,0,0,0,37.76998542,-122.45421167,publicly_accessible,08:00:00,20:00:00,Daily,2024/07/23 12:28:50 PM
Kimball Path Drinking Fountain,drinking_water,1,0,0,0,37.783709,-122.43540351,publicly_accessible,08:00:00,20:00:00,Daily,2024/07/23 12:28:50 PM
Father Alfred E. Boeddeker Park - Drinking Fountain/Cooler,drinking_water,1,1,0,0,37.78433303,-122.41220835,publicly_accessible,08:00:00,20:00:00,Daily,2024/07/23 12:28:50 PM
Anna E. Waden Branch Library (Bayview),drinking_water,1,0,0,0,37.732484671000066,-122.39108620099996,limited_access,,,Daily,2024/10/10 10:24:00 AM
19th & Alabama,drinking_water,0,1,1,0,37.760315,-122.412135,publicly_accessible,,,Daily,2024/06/27 01:43:12 PM
Kezar Turf Drinking fountain,drinking_water,1,0,0,0,37.76752889,-122.45629949,publicly_accessible,08:00:00,20:00:00,Daily,2024/07/23 12:28:50 PM
Merced Heights Clubhouse,restroom,0,0,0,0,37.71773927452562,-122.4701559768848,publicly_accessible,08:00:00,20:00:00,Daily,2024/08/13 04:58:33 PM
Administration Building,restroom,0,0,0,0,37.782315528202496,-122.4356163934808,limited_access,08:00:00,20:00:00,Daily,2024/08/13 04:58:33 PM
Argonne Clubhouse,restroom,0,0,0,0,37.779601550461045,-122.4777727574484,publicly_accessible,08:00:00,20:00:00,Daily,2024/08/13 04:58:33 PM
Pioneer Park Restroom,restroom,0,0,0,0,37.80259938123957,-122.40605250572062,publicly_accessible,08:00:00,20:00:00,Daily,2024/08/13 04:58:33 PM
Corona Heights Park - Drinking Fountain/Cooler,drinking_water,1,0,0,1,37.76530917,-122.44029272,publicly_accessible,08:00:00,20:00:00,Daily,2024/07/23 12:28:50 PM
Golden Gate Park - Section 5 - Drinking Fountain/Cooler,drinking_water,1,1,0,0,37.77133057,-122.49904043,publicly_accessible,08:00:00,20:00:00,Daily,2024/07/23 12:28:50 PM
Drinking Fountain/Cooler,drinking_water,1,0,0,0,37.71271949,-122.40869125,publicly_accessible,08:00:00,20:00:00,Daily,2024/07/23 12:28:50 PM
Mission Dolores Park - Drinking Fountain/Cooler,drinking_water,1,0,0,0,37.75947164,-122.42710577,publicly_accessible,08:00:00,20:00:00,Daily,2024/07/23 12:28:50 PM
Sunset Rec Center - Drinking Fountain/Cooler,drinking_water,1,0,0,0,37.75684011,-122.48690401,publicly_accessible,08:00:00,20:00:00,Daily,2024/07/23 12:28:50 PM
Golden Gate Park - Section 2 - Drinking Fountain/Cooler,drinking_water,1,1,0,0,37.76828882,-122.45471819,publicly_accessible,08:00:00,20:00:00,Daily,2024/07/23 12:28:50 PM
Restroom,restroom,0,0,0,0,37.73307159776936,-122.382577828637,publicly_accessible,08:00:00,20:00:00,Daily,2024/08/13 04:58:33 PM
North Restrooms,restroom,0,0,0,0,37.76888801773871,-122.47084604293474,publicly_accessible,08:00:00,20:00:00,Daily,2024/08/21 02:15:01 PM
"Heron's Head Park, Eo Center",restroom,0,0,0,0,37.740119,-122.37597,publicly_accessible,08:00:00,17:30:00,Daily,2024/10/04 01:51:23 PM
Richmond Branch Library,drinking_water,1,0,0,0,37.78184424500006,-122.46809920399994,limited_access,,,Daily,2024/10/10 10:24:00 AM
Restrooms,restroom,0,0,0,0,37.73088520798447,-122.3837328418327,publicly_accessible,08:00:00,20:00:00,Daily,2024/08/13 04:58:33 PM
Potrero Rec Path Drinking Fountain,drinking_water,1,0,0,0,37.75633916,-122.39705544,publicly_accessible,08:00:00,20:00:00,Daily,2024/07/23 12:28:50 PM
Camp Mather - Drinking fountain,drinking_water,1,0,0,0,37.880919889999994,-119.85137888,publicly_accessible,08:00:00,20:00:00,Daily,2024/08/19 09:47:28 AM
Minnie and Lovie Path,drinking_water,1,0,0,0,37.71503451,-122.45754733,publicly_accessible,08:00:00,20:00:00,Daily,2024/07/23 12:28:50 PM
Mission Pit Stop - Franklin Square Park in the parking lot adjacent to 300 Hampshire St.,restroom,0,0,0,0,37.765187,-122.4083365,publicly_accessible,,,,2024/10/10 10:39:51 AM
"Little Embarcadero, J C Decaux",restroom,0,0,0,0,37.808738,-122.412697,publicly_accessible,,,Daily,2024/10/04 01:51:23 PM
Michelangelo Playground - Drinking Fountain/Cooler,drinking_water,1,0,0,0,37.80117848,-122.41699364,publicly_accessible,08:00:00,20:00:00,Daily,2024/07/23 12:28:50 PM
South Sunset Playground - Drinking Fountain/Cooler,drinking_water,1,1,0,0,37.73800239,-122.4983337,publicly_accessible,08:00:00,20:00:00,Daily,2024/07/23 12:28:50 PM
Lessing & Sears Mini Park - Drinking Fountain/Cooler,drinking_water,1,0,0,0,37.70863362,-122.45545233,publicly_accessible,08:00:00,20:00:00,Daily,2024/07/23 12:28:50 PM
Washington & Hyde Mini Park - Drinking Fountain/Cooler,drinking_water,1,0,0,0,37.794032439999995,-122.41743068,limited_access,08:00:00,20:00:00,Daily,2024/07/23 12:28:50 PM
525 Golden Gate,drinking_water,0,1,0,0,37.7809272,-122.419371,limited_access,08:00:00,17:00:00,Weekdays,2024/06/27 01:43:12 PM
Trocadero Clubhouse,restroom,0,0,0,0,37.73617234504192,-122.4779173153289,publicly_accessible,08:00:00,20:00:00,Daily,2024/08/13 05:11:19 PM
Beach Chalet Soccer Bleacher,drinking_water,1,0,0,0,37.76742123,-122.5083298,publicly_accessible,08:00:00,20:00:00,Daily,2024/07/23 12:28:50 PM
Polo Field Restroom,restroom,0,0,0,0,37.76678653672746,-122.49279315540966,publicly_accessible,08:00:00,20:00:00,Daily,2024/08/21 02:15:01 PM
Model Yacht Clubhouse,restroom,0,0,0,0,37.770201047462926,-122.49559211434624,publicly_accessible,08:00:00,20:00:00,Daily,2024/09/04 01:18:59 PM
Joseph L. Alioto Performing Arts Piazza - Drinking Fountain/Cooler,drinking_water,1,0,0,0,37.77990302,-122.41730591,limited_access,08:00:00,20:00:00,Daily,2024/07/23 12:28:50 PM
Golden Gate Park - Section 1 - Drinking Fountain/Cooler,drinking_water,1,0,0,0,37.77269576,-122.45520271,publicly_accessible,08:00:00,20:00:00,Daily,2024/07/23 12:28:50 PM
Portola Library,drinking_water,1,0,0,0,37.727114209000035,-122.40636172399996,limited_access,,,Daily,2024/10/10 10:24:00 AM
Minnie and Lovie Rec Center - Drinking Fountain/Cooler,drinking_water,1,0,0,0,37.71604517,-122.45732735,publicly_accessible,08:00:00,20:00:00,Daily,2024/07/23 12:28:50 PM
Restrooms,restroom,0,0,0,0,37.77662044551919,-122.43391065502786,publicly_accessible,08:00:00,20:00:00,Daily,2024/08/13 04:58:33 PM
Tenderloin Pit Stop - Taylor and Turk streets,restroom,0,0,0,0,37.7832058,-122.4108252,publicly_accessible,,,,2024/10/10 10:39:51 AM
Nursery Restrooms,restroom,0,0,0,0,37.76823041384297,-122.46214572877334,publicly_accessible,08:00:00,20:00:00,Daily,2024/08/21 02:15:01 PM
McLaren Redwood Grove Drinking Fountain,drinking_water,1,1,0,0,37.72209603,-122.42064776,publicly_accessible,08:00:00,20:00:00,Daily,2024/07/23 12:28:50 PM
Jose Coronado Playground - Drinking Fountain/Cooler,drinking_water,1,0,0,0,37.757676929999995,-122.4150985,publicly_accessible,08:00:00,20:00:00,Daily,2024/07/23 12:28:50 PM
Coffman Pool,restroom,0,0,0,0,37.71335158908368,-122.41572366681596,publicly_accessible,08:00:00,20:00:00,Daily,2024/08/13 04:58:33 PM
Golden Gate Park - Section 6 - Drinking Fountain/Cooler,drinking_water,1,1,0,0,37.77082793,-122.50299988,publicly_accessible,08:00:00,20:00:00,Daily,2024/07/23 12:28:50 PM
Presidio Branch Library,drinking_water,1,0,0,0,37.788910970000074,-122.44485234499996,limited_access,,,Daily,2024/10/10 10:24:00 AM
Polo Field North Restrooms,restroom,0,0,0,0,37.7694207259486,-122.49309991733551,publicly_accessible,08:00:00,20:00:00,Daily,2024/08/21 02:15:01 PM
Jerry Garcia Amphitheatre Restroom,restroom,0,0,0,0,37.72086253617584,-122.41692045488232,publicly_accessible,08:00:00,20:00:00,Daily,2024/08/21 02:15:01 PM
Mission Pit Stop - 16th and Mission streets (JCDecaux),restroom,0,0,0,0,37.7649465,-122.4200173,publicly_accessible,,,,2024/10/10 10:39:51 AM
Tennis Center,restroom,0,0,0,0,37.77005238094658,-122.4595633246121,publicly_accessible,08:00:00,20:00:00,Daily,2024/08/21 02:15:01 PM
"Mission Pit Stop - SFGH, near SE corner of Building 25",restroom,0,0,0,0,37.7552601,-122.4051895,publicly_accessible,,,,2024/10/10 10:39:51 AM
St. Mary's Rec Center - Drinking Fountain/Cooler,drinking_water,1,0,0,0,37.7329474,-122.42105235,publicly_accessible,08:00:00,20:00:00,Daily,2024/07/23 12:28:50 PM
Drinking Fountain,drinking_water,1,1,0,0,37.73811065,-122.38409679,publicly_accessible,08:00:00,20:00:00,Daily,2024/07/23 12:28:50 PM
Mariposa Drinking fountain,drinking_water,1,0,0,0,37.76473968,-122.39131883,publicly_accessible,08:00:00,20:00:00,Daily,2024/07/23 12:28:50 PM
Mountain Lake Restrooms,restroom,0,0,0,0,37.78702293940326,-122.47178156987889,publicly_accessible,08:00:00,20:00:00,Daily,2024/08/21 02:15:01 PM
Bayview Gateway Park,drinking_water,1,1,0,0,37.74671,-122.38634,publicly_accessible,,,Daily,2024/10/04 01:51:23 PM
Holly Park - Drinking Fountain/Cooler,drinking_water,1,0,0,0,37.73711521,-122.42056083,publicly_accessible,08:00:00,20:00:00,Daily,2024/07/23 12:28:50 PM
Alley of Humanitarian Drinking fountain,drinking_water,1,1,0,0,37.77256942,-122.46434065,publicly_accessible,08:00:00,20:00:00,Daily,2024/07/23 12:28:50 PM
24th & Mission,drinking_water,0,1,1,0,37.752333,-122.418141,publicly_accessible,,,Daily,2024/06/27 01:43:12 PM
Minnie and Lovie Children's Play Area Drinking Fountain,drinking_water,1,0,0,0,37.71638269,-122.45820802,limited_access,08:00:00,20:00:00,Daily,2024/07/23 12:28:50 PM
Tenderloin Rec Center,restroom,0,0,0,0,37.78474133539745,-122.41569209429984,publicly_accessible,08:00:00,20:00:00,Daily,2024/08/13 05:17:47 PM
Chinatown Branch Library,drinking_water,1,0,0,0,37.79523887500005,-122.41008249499998,limited_access,,,Daily,2024/10/10 10:24:00 AM
China Basin Park Water Fountain #2,drinking_water,1,1,0,0,37.776332,-122.388487,publicly_accessible,,,Daily,2024/10/04 01:51:23 PM
Kimball Path Bottle filling station,drinking_water,1,1,0,0,37.78286559,-122.43452279,publicly_accessible,08:00:00,20:00:00,Daily,2024/07/23 12:28:50 PM
McLaren Park Oxford St Restroom,restroom,0,0,0,0,37.722952321382685,-122.41856158698464,publicly_accessible,08:00:00,20:00:00,Daily,2024/08/21 02:15:01 PM
Hamilton Rec Center,restroom,0,0,0,0,37.78453259984285,-122.43517781586444,publicly_accessible,08:00:00,20:00:00,Daily,2024/08/13 05:16:30 PM
P24 - Mariposa Bay Park,drinking_water,1,1,0,1,37.765245,-122.388254,publicly_accessible,,,Daily,2024/10/04 01:51:23 PM
Boeddeker Clubhouse,restroom,0,0,0,0,37.784313315771854,-122.41181377502645,publicly_accessible,08:00:00,20:00:00,Daily,2024/08/13 04:58:33 PM
Balboa Pool,restroom,0,0,0,0,37.72640027156061,-122.44323590203872,publicly_accessible,08:00:00,20:00:00,Daily,2024/08/13 04:58:33 PM
Peixotto Clubhouse,restroom,0,0,0,0,37.765610267944155,-122.43757489547627,publicly_accessible,08:00:00,20:00:00,Daily,2024/08/13 04:58:33 PM
Fitness Area,restroom,0,0,0,0,37.7723648426424,-122.44768725681776,publicly_accessible,08:00:00,20:00:00,Daily,2024/08/21 02:15:01 PM
Drinking Fountain,drinking_water,1,0,0,0,37.77239048,-122.46012939,publicly_accessible,08:00:00,20:00:00,Daily,2024/07/23 12:28:50 PM
Mission Branch Library,drinking_water,1,0,0,0,37.75196896600005,-122.41982646399998,limited_access,,,Daily,2024/10/10 10:24:00 AM
Drinking Fountain,drinking_water,1,1,0,0,37.71392505,-122.41632703,publicly_accessible,08:00:00,20:00:00,Daily,2024/07/23 12:28:50 PM
Sunnyside Conservatory - Drinking Fountain/Cooler,drinking_water,1,0,0,0,37.73193823,-122.44074054,publicly_accessible,08:00:00,20:00:00,Daily,2024/07/23 12:28:50 PM
Garfield Square Clubhouse,restroom,0,0,0,0,37.74990573838061,-122.412343944662,publicly_accessible,08:00:00,20:00:00,Daily,2024/08/13 04:58:33 PM
"SFFD, J C Decaux",restroom,0,0,0,0,37.790166,-122.388767,publicly_accessible,,,Daily,2024/10/04 01:51:23 PM
Mechanics Plaza at Battery/Market,drinking_water,0,1,0,0,37.79129,-122.399052,publicly_accessible,,,Daily,2024/06/27 01:43:12 PM
Golden Gate Park - Section 6 - Drinking Fountain/Cooler,drinking_water,1,0,0,0,37.76792759,-122.50184765,publicly_accessible,08:00:00,20:00:00,Daily,2024/07/23 12:28:50 PM
Kezar Turf Drinking fountain,drinking_water,1,0,0,0,37.76750658,-122.45566956,publicly_accessible,08:00:00,20:00:00,Daily,2024/07/23 12:28:50 PM
Presidio Heights Clubhouse,restroom,0,0,0,0,37.788483152167615,-122.44983022083372,publicly_accessible,08:00:00,20:00:00,Daily,2024/08/13 04:58:33 PM
Dog Bowl,drinking_water,1,0,0,0,37.77240059,-122.44772931,publicly_accessible,08:00:00,20:00:00,Daily,2024/07/23 12:28:50 PM
Pier 70,restroom,0,0,0,0,37.76059,-122.38563,limited_access,09:00:00,17:00:00,Daily,2024/10/04 01:51:23 PM
Miraloma Playground - Drinking Fountain/Cooler,drinking_water,1,0,0,0,37.73910454,-122.44949348,publicly_accessible,08:00:00,20:00:00,Daily,2024/07/23 12:28:50 PM
Presidio Wall Clubhouse,restroom,0,0,0,0,37.79126963424543,-122.45371329325803,publicly_accessible,08:00:00,20:00:00,Daily,2024/08/13 04:58:33 PM
Senior Center,restroom,0,0,0,0,37.771649128845645,-122.4970396391326,publicly_accessible,08:00:00,20:00:00,Daily,2024/08/21 02:15:01 PM
Merced Heights Playground - Drinking Fountain/Cooler,drinking_water,1,0,0,0,37.71748144,-122.47038419,publicly_accessible,08:00:00,20:00:00,Daily,2024/07/23 12:28:50 PM
Douglass Clubhouse,restroom,0,0,0,0,37.747814884292936,-122.4384316905048,publicly_accessible,08:00:00,20:00:00,Daily,2024/08/13 04:58:33 PM
East Restroom,restroom,0,0,0,0,37.72518013090619,-122.44422317580953,publicly_accessible,08:00:00,20:00:00,Daily,2024/08/13 04:58:33 PM
Restrooms,restroom,0,0,0,0,37.79124662417517,-122.43816772732552,publicly_accessible,08:00:00,20:00:00,Daily,2024/08/13 04:58:33 PM
Joseph Lee Rec Center,restroom,0,0,0,0,37.734686763218136,-122.38948264733972,publicly_accessible,08:00:00,20:00:00,Daily,2024/08/13 05:16:30 PM
Golden Gate Park - Section 7 - Drinking Fountain/Cooler,drinking_water,1,0,0,0,37.76917435,-122.45878342,limited_access,08:00:00,20:00:00,Daily,2024/07/23 12:28:50 PM
Bandstand Public Restrooms,restroom,0,0,0,0,37.76980555864644,-122.46865196284016,publicly_accessible,08:00:00,20:00:00,Daily,2024/08/21 02:15:01 PM
Golden Gate Park - Section 6 - Drinking Fountain/Cooler,drinking_water,1,1,0,0,37.7679981,-122.5082134,publicly_accessible,08:00:00,20:00:00,Daily,2024/07/23 12:28:50 PM
McLaren Redwood Grove Restroom,restroom,0,0,0,0,37.72211732283109,-122.42063421731622,publicly_accessible,08:00:00,20:00:00,Daily,2024/08/21 02:15:01 PM
Harding Clubhouse (Sandy Tatum),restroom,0,0,0,0,37.72466408783124,-122.49365476427316,limited_access,08:00:00,20:00:00,Daily,2024/08/21 02:15:01 PM
Noe Valley Courts - Drinking Fountain/Cooler,drinking_water,1,0,0,0,37.75124298,-122.43900086,publicly_accessible,08:00:00,20:00:00,Daily,2024/07/23 12:28:50 PM
Western Addition Branch Library,drinking_water,1,0,0,0,37.784118524000064,-122.43748930299996,limited_access,,,Daily,2024/10/10 10:24:00 AM
Merced Branch Library,drinking_water,1,0,0,0,37.72659366900007,-122.474493769,limited_access,,,Daily,2024/10/10 10:24:00 AM
Jose Coronado Clubhouse,restroom,0,0,0,0,37.75774134081306,-122.41510303771898,publicly_accessible,08:00:00,20:00:00,Daily,2024/08/13 04:58:33 PM
Golden Gate Park - Section 5 - Drinking Fountain/Cooler,drinking_water,1,1,0,0,37.76948929,-122.48477771,publicly_accessible,08:00:00,20:00:00,Daily,2024/07/23 12:28:50 PM
Douglass Playground - Drinking Fountain/Cooler,drinking_water,1,0,0,0,37.74791785,-122.43840181,limited_access,08:00:00,20:00:00,Daily,2024/07/23 12:28:50 PM
Parkside Square - Drinking Fountain/Cooler,drinking_water,1,0,0,0,37.73787938,-122.48463807,limited_access,08:00:00,20:00:00,Daily,2024/07/23 12:28:50 PM
Camp Mather - Ball field bath house Drinking Fountain,drinking_water,1,0,0,0,37.88091866,-119.8514123,publicly_accessible,08:00:00,20:00:00,Daily,2024/08/16 02:37:58 PM
J. P. Murphy Clubhouse,restroom,0,0,0,0,37.75156403315574,-122.4652225507296,publicly_accessible,08:00:00,20:00:00,Daily,2024/08/13 04:58:33 PM
Mission Creek Pavilion,restroom,0,0,0,0,37.77313632980181,-122.39368445415782,publicly_accessible,08:00:00,20:00:00,Daily,2024/08/20 10:36:57 AM
Millwright's Cottage,restroom,0,0,0,0,37.76519674067003,-122.5084366106694,limited_access,08:00:00,20:00:00,Daily,2024/08/21 02:15:01 PM
Parkside Square - Drinking Fountain/Cooler,drinking_water,1,0,0,0,37.73778064,-122.48449476,limited_access,08:00:00,20:00:00,Daily,2024/07/23 12:28:50 PM
North Beach Pit Stop - Washington Square at Union St. (JCDecaux),restroom,0,0,0,0,37.8004679,-122.4097323,publicly_accessible,,,,2024/10/10 10:39:51 AM
Buena Vista Park - Drinking Fountain/Cooler,drinking_water,1,0,0,0,37.76985323,-122.43960654,publicly_accessible,08:00:00,20:00:00,Daily,2024/07/23 12:28:50 PM
Sgt. John Macaulay Park - Drinking Fountain/Cooler,drinking_water,1,0,0,0,37.78538704,-122.4182481,limited_access,08:00:00,20:00:00,Daily,2024/07/23 12:28:50 PM
Moscone Rec Center - Drinking Fountain/Cooler,drinking_water,1,1,0,0,37.80149195,-122.43324,publicly_accessible,08:00:00,20:00:00,Daily,2024/07/23 12:28:50 PM
Mission Playground - Drinking Fountain/Cooler,drinking_water,1,1,0,0,37.75944302,-122.42240856,publicly_accessible,08:00:00,20:00:00,Daily,2024/07/23 12:28:50 PM
Bowling Green Clubhouse,restroom,0,0,0,0,37.76854971802402,-122.45898101337504,publicly_accessible,08:00:00,20:00:00,Daily,2024/08/21 02:15:01 PM
Minnie and Lovie Rec Center - Drinking Fountain/Cooler,drinking_water,1,0,0,0,37.71511351,-122.45624228,publicly_accessible,08:00:00,20:00:00,Daily,2024/07/23 12:28:50 PM
Visitacion Valley Branch Library,drinking_water,1,0,0,0,37.71245320600008,-122.40788422599996,limited_access,,,Daily,2024/10/10 10:24:00 AM
Tenderloin Pit Stop - Eddy St. and Jones St.,restroom,0,0,0,0,37.7841238,-122.4122697,publicly_accessible,,,,2024/10/10 10:39:51 AM
Dual Fountain,drinking_water,1,0,0,0,37.77239131,-122.4476662,publicly_accessible,08:00:00,20:00:00,Daily,2024/07/23 12:28:50 PM
Beach Chalet Soccer Fields Maintenance Building,restroom,0,0,0,0,37.76689068128529,-122.50766568323402,publicly_accessible,08:00:00,20:00:00,Daily,2024/08/21 02:15:01 PM
China Basin Park Water Fountain #1,drinking_water,1,1,0,0,37.776548,-122.389769,publicly_accessible,,,Daily,2024/10/04 01:51:23 PM
Annex Restrooms,restroom,0,0,0,0,37.777987531028245,-122.45767116556968,publicly_accessible,08:00:00,20:00:00,Daily,2024/08/13 04:58:33 PM
China Basin Park Water Fountain #4,drinking_water,0,1,1,0,37.775397,-122.388882,publicly_accessible,,,Daily,2024/10/04 01:51:23 PM
Tenderloin Pit Stop - 388 Ellis St.,restroom,0,0,0,0,37.7850978,-122.4125547,publicly_accessible,,,,2024/10/10 10:39:51 AM
Golden Gate Park - Section 6 - Drinking Fountain/Cooler,drinking_water,1,1,0,0,37.767355349999995,-122.50800821,publicly_accessible,08:00:00,20:00:00,Daily,2024/07/23 12:28:50 PM
John McLaren Park - Drinking Fountain/Cooler,drinking_water,1,0,0,1,37.722146679999994,-122.42056918,publicly_accessible,08:00:00,20:00:00,Daily,2024/07/23 12:28:50 PM
Noe Valley Courts - Drinking Fountain/Cooler,drinking_water,1,0,0,1,37.75145345999999,-122.43894561,publicly_accessible,08:00:00,20:00:00,Daily,2024/07/23 12:28:50 PM
GGP 5 Dog Play Area Drinking Fountain,drinking_water,1,0,0,0,37.77074543,-122.49897684,publicly_accessible,08:00:00,20:00:00,Daily,2024/07/23 12:28:50 PM
Park Branch Library,drinking_water,1,0,0,0,37.770135518000075,-122.45100115999998,limited_access,,,Daily,2024/10/10 10:24:00 AM
Golden Gate Park - Section 1 - Drinking Fountain/Cooler,drinking_water,1,0,0,0,37.7662457,-122.45578886,publicly_accessible,08:00:00,20:00:00,Daily,2024/07/23 12:28:50 PM
Embarcadero Pit Stop - Embarcadero Plaza (JCDecaux),restroom,0,0,0,0,37.7946278,-122.394598,publicly_accessible,,,,2024/10/10 10:39:51 AM
Heron's Head Eco Center,restroom,0,0,0,0,37.739739593729915,-122.37539271248392,publicly_accessible,08:00:00,20:00:00,Daily,2024/08/13 04:58:33 PM
Alamo Square - Alamo Path Drinking Fountain,drinking_water,1,1,0,0,37.77667455,-122.43390501,publicly_accessible,08:00:00,20:00:00,Daily,2024/07/23 12:28:50 PM
Mid-Market Pit Stop - Hallidie Plaza (JCDecaux),restroom,0,0,0,0,37.7844142,-122.4077797,publicly_accessible,,,,2024/10/10 10:39:51 AM
Ball Diamond 1 Grandstand,restroom,0,0,0,0,37.71497368960945,-122.43183192135574,publicly_accessible,08:00:00,20:00:00,Daily,2024/08/13 04:58:33 PM
Drinking Fountain,drinking_water,1,0,0,0,37.76807813,-122.45792484,publicly_accessible,08:00:00,20:00:00,Daily,2024/07/23 12:28:50 PM
Palega Playground - Drinking Fountain/Cooler,drinking_water,1,0,0,0,37.72925373,-122.40981944,publicly_accessible,08:00:00,20:00:00,Daily,2024/07/23 12:28:50 PM
Drinking Fountain,drinking_water,1,1,0,0,37.71242802,-122.48940364,publicly_accessible,08:00:00,20:00:00,Daily,2024/07/23 12:28:50 PM
Harbormasters Office (Old),restroom,0,0,0,0,37.806636336844214,-122.44262145562116,limited_access,08:00:00,20:00:00,Daily,2024/08/13 04:58:33 PM
Grattan Playground - Drinking Fountain/Cooler,drinking_water,1,0,0,0,37.76261998,-122.4517025,publicly_accessible,08:00:00,20:00:00,Daily,2024/07/23 12:28:50 PM
Margaret S.Hayward Playground - Drinking Fountain/Cooler,drinking_water,1,0,0,0,37.78126338,-122.42519371,publicly_accessible,08:00:00,20:00:00,Daily,2024/07/23 12:28:50 PM
Excelsior Playground - Drinking Fountain/Cooler,drinking_water,1,1,0,0,37.72008416,-122.43381225,limited_access,08:00:00,20:00:00,Daily,2024/07/23 12:28:50 PM
"Pier 45, Shed A",restroom,0,0,0,0,37.809195,-122.416145,limited_access,08:00:00,20:00:00,Daily,2024/10/04 01:51:23 PM
Drinking Fountain,drinking_water,1,0,0,0,37.76845382,-122.45704846,limited_access,08:00:00,20:00:00,Daily,2024/07/23 12:28:50 PM
Kimball Children's Play Area Drinking Fountain,drinking_water,1,0,0,0,37.78370469,-122.43508311,publicly_accessible,08:00:00,20:00:00,Daily,2024/07/23 12:28:50 PM
Restrooms,restroom,0,0,0,0,37.794611401480445,-122.40563810471431,publicly_accessible,08:00:00,20:00:00,Daily,2024/08/13 04:58:33 PM
John McLaren Park - Drinking Fountain/Cooler,drinking_water,1,0,0,0,37.72368986,-122.42308908,publicly_accessible,08:00:00,20:00:00,Daily,2024/07/23 12:28:50 PM
Joseph L. Alioto Performing Arts Piazza - Drinking Fountain/Cooler,drinking_water,1,0,0,0,37.77916554,-122.41722142,limited_access,08:00:00,20:00:00,Daily,2024/07/23 12:28:50 PM
Mountain Lake Park - Drinking Fountain/Cooler,drinking_water,1,0,0,0,37.78685501,-122.47042907,publicly_accessible,08:00:00,20:00:00,Daily,2024/07/23 12:28:50 PM
Rec Center,restroom,0,0,0,0,37.71630766055233,-122.4574613171202,publicly_accessible,08:00:00,20:00:00,Daily,2024/09/06 03:41:57 PM
Mission Pit Stop - 344 14th St.,restroom,0,0,0,0,37.7682576,-122.4210014,publicly_accessible,,,,2024/10/10 10:39:51 AM
Margaret S.Hayward Playground - Drinking Fountain/Cooler,drinking_water,1,0,0,0,37.780785470000005,-122.42681556,publicly_accessible,08:00:00,20:00:00,Daily,2024/07/23 12:28:50 PM
Richmond Playground Clubhouse,restroom,0,0,0,0,37.78532679622686,-122.4779616206248,publicly_accessible,08:00:00,20:00:00,Daily,2024/08/13 04:58:33 PM
Kid Power Park - Drinking Fountain/Cooler,drinking_water,1,0,0,0,37.76416757,-122.42024528,publicly_accessible,08:00:00,20:00:00,Daily,2024/07/23 12:28:50 PM
Bottle filler,drinking_water,1,1,0,0,37.769184296810465,-122.50650309613326,publicly_accessible,08:00:00,20:00:00,Daily,2024/08/05 11:36:41 AM
Betty Ann Ong Chinese Rec Center - Drinking Fountain/Cooler,drinking_water,1,0,0,0,37.7942912,-122.41169416,publicly_accessible,08:00:00,20:00:00,Daily,2024/07/23 12:28:50 PM
Crocker Amazon Clubhouse,restroom,0,0,0,0,37.71521921017252,-122.43182548843647,publicly_accessible,08:00:00,20:00:00,Daily,2024/08/13 04:58:33 PM
Crane Cove Park,out_of_service,0,0,0,0,37.76302,-122.38734,limited_access,,,Daily,2024/10/04 01:51:23 PM
Hellman Hollow Restrooms,restroom,0,0,0,0,37.76953475824801,-122.48470587714614,publicly_accessible,08:00:00,20:00:00,Daily,2024/08/21 02:15:01 PM
Fulton Playground - Drinking Fountain/Cooler,drinking_water,1,0,0,0,37.77352788,-122.48698761,publicly_accessible,08:00:00,20:00:00,Daily,2024/07/23 12:28:50 PM
Tennis Center Bottle filling station,drinking_water,1,1,0,0,37.77057769,-122.45868065,publicly_accessible,08:00:00,20:00:00,Daily,2024/07/23 12:28:50 PM
Willie Woo Woo Wong Clubhouse,restroom,0,0,0,0,37.793628709866944,-122.40704782153728,publicly_accessible,08:00:00,20:00:00,Daily,2024/08/13 04:58:33 PM
South Sunset Clubhouse,restroom,0,0,0,0,37.73806926327971,-122.49828821730264,publicly_accessible,08:00:00,20:00:00,Daily,2024/08/13 04:58:33 PM
Palega Rec Center,restroom,0,0,0,0,37.729207014099,-122.4097418452673,publicly_accessible,08:00:00,20:00:00,Daily,2024/08/13 05:16:30 PM
SoMa Pit Stop - 6th and Natoma streets,restroom,0,0,0,0,37.780182,-122.4077046,publicly_accessible,,,,2024/10/10 10:39:51 AM
Gilman Playground - Drinking Fountain/Cooler,drinking_water,1,0,0,0,37.71732522,-122.3871789,publicly_accessible,08:00:00,20:00:00,Daily,2024/07/23 12:28:50 PM
Port of San Francisco,restroom,0,0,0,0,37.79689,-122.39505,limited_access,08:00:00,17:30:00,Daily,2024/10/04 01:51:23 PM
Noe Square Restrooms,restroom,0,0,0,0,37.7512702164513,-122.42884463564263,publicly_accessible,08:00:00,20:00:00,Daily,2024/10/09 03:33:11 PM
Grattan Clubhouse,restroom,0,0,0,0,37.76275999979258,-122.45197359512166,publicly_accessible,08:00:00,20:00:00,Daily,2024/08/13 04:58:33 PM
Richmond Playground - Drinking Fountain/Cooler,drinking_water,1,0,0,0,37.78521182,-122.47790053,publicly_accessible,08:00:00,20:00:00,Daily,2024/07/23 12:28:50 PM
Golden Gate Park - Section 6 - Drinking Fountain/Cooler,drinking_water,1,1,0,0,37.76718375,-122.5079935,publicly_accessible,08:00:00,20:00:00,Daily,2024/07/23 12:28:50 PM
Pier 41,restroom,0,0,0,0,37.810489,-122.410821,publicly_accessible,07:00:00,22:00:00,Daily,2024/10/04 01:51:23 PM
Collis P. Huntington Park - Drinking Fountain/Cooler,drinking_water,1,0,0,0,37.79207822,-122.41238227,publicly_accessible,08:00:00,20:00:00,Daily,2024/07/23 12:28:50 PM
Exposition Space,restroom,0,0,0,0,37.80215891886645,-122.448793308729,publicly_accessible,08:00:00,20:00:00,Daily,2024/08/13 04:58:33 PM
Rochambeau Clubhouse,restroom,0,0,0,0,37.78501370787081,-122.4845445288129,publicly_accessible,08:00:00,20:00:00,Daily,2024/08/13 04:58:33 PM
Eureka Valley Rec Center - Drinking Fountain/Cooler,drinking_water,1,0,0,0,37.75991576,-122.43629271,publicly_accessible,08:00:00,20:00:00,Daily,2024/07/23 12:28:50 PM
J.P. Murphy Playground - Drinking Fountain/Cooler,drinking_water,1,0,0,0,37.7515454,-122.46518978,publicly_accessible,08:00:00,20:00:00,Daily,2024/07/23 12:28:50 PM
Marina Green West Restroom,restroom,0,0,0,0,37.80567366353541,-122.44826248305824,publicly_accessible,08:00:00,20:00:00,Daily,2024/08/13 04:58:33 PM
Restroom,restroom,0,0,0,0,37.7383375782108,-122.48372258791242,publicly_accessible,08:00:00,20:00:00,Daily,2024/08/13 04:58:33 PM
Conservatory Restrooms,restroom,0,0,0,0,37.772607110210295,-122.46078915493447,publicly_accessible,08:00:00,20:00:00,Daily,2024/08/21 02:15:01 PM
Booker T Washington Community Center,drinking_water,0,1,0,0,37.78413,-122.446083,publicly_accessible,,,Daily,2024/06/27 01:43:12 PM
Ferry Buiding #2,restroom,0,0,0,0,37.79542,-122.39363,limited_access,07:00:00,22:00:00,Daily,2024/10/04 01:51:23 PM
Restrooms,restroom,0,0,0,0,37.77236922545648,-122.44763869311576,publicly_accessible,08:00:00,20:00:00,Daily,2024/08/21 02:15:01 PM
DiMaggio Path Drinking Fountain,drinking_water,1,0,0,0,37.802613,-122.41204768,publicly_accessible,08:00:00,20:00:00,Daily,2024/07/23 12:28:50 PM
Mission Pit Stop - 24th and Mission (JCDecaux),restroom,0,0,0,0,37.7521752,-122.4185771,publicly_accessible,,,,2024/10/10 10:39:51 AM
Alioto Mini Park - Drinking Fountain/Cooler,drinking_water,1,0,0,0,37.75899385,-122.41823059,limited_access,08:00:00,20:00:00,Daily,2024/07/23 12:28:50 PM
Earl's Organic,drinking_water,0,1,1,0,37.744233,-122.398524,publicly_accessible,,,Daily,2024/06/27 01:43:12 PM
Drinking Fountain,drinking_water,1,1,0,0,37.71770229,-122.47036815,publicly_accessible,08:00:00,20:00:00,Daily,2024/07/23 12:28:50 PM
Golden Gate Heights Park - Drinking Fountain/Cooler,drinking_water,1,0,0,1,37.75014593,-122.46853687,publicly_accessible,08:00:00,20:00:00,Daily,2024/07/23 12:28:50 PM
Sava Pool,restroom,0,0,0,0,37.738477671991625,-122.4758752112342,publicly_accessible,08:00:00,20:00:00,Daily,2024/08/20 12:09:34 PM
Matthew Boxer Stadium,restroom,0,0,0,0,37.72617621720311,-122.44515610209348,publicly_accessible,08:00:00,20:00:00,Daily,2024/08/20 12:09:34 PM
Pier 39,restroom,0,0,0,0,37.80914,-122.409882,publicly_accessible,07:00:00,22:00:00,Daily,2024/10/04 01:51:23 PM
Drinking Fountain/Cooler,drinking_water,1,1,0,0,37.75150115,-122.42887883,publicly_accessible,08:00:00,20:00:00,Daily,2024/07/23 12:28:50 PM
Palega Playground - Drinking Fountain/Cooler,drinking_water,1,0,0,0,37.72890703,-122.40968717,limited_access,08:00:00,20:00:00,Daily,2024/07/23 12:28:50 PM
Pine Lake Park Clubhouse,restroom,0,0,0,0,37.735993787219805,-122.48720705541815,publicly_accessible,08:00:00,20:00:00,Daily,2024/08/13 04:58:33 PM
Oracle Park,restroom,1,0,0,0,37.778694,-122.387639,publicly_accessible,,,Special Events,2024/10/04 01:51:23 PM
Drinking Fountain/Cooler,drinking_water,1,0,0,0,37.7773695,-122.40646208,publicly_accessible,08:00:00,20:00:00,Daily,2024/07/23 12:28:50 PM
Merced Heights Playground - Drinking Fountain/Cooler,drinking_water,1,0,0,0,37.717670209999994,-122.47010351,publicly_accessible,08:00:00,20:00:00,Daily,2024/07/23 12:28:50 PM
Washington Square - Drinking Fountain/Cooler,drinking_water,1,1,0,0,37.80103016,-122.41062974,publicly_accessible,08:00:00,20:00:00,Daily,2024/07/23 12:28:50 PM
Mens Bathroom,restroom,0,0,0,0,37.770445860001146,-122.46944607610232,publicly_accessible,08:00:00,20:00:00,Daily,2024/08/21 02:15:01 PM
Youngblood Coleman Restrooms,restroom,0,0,0,0,37.73921038144877,-122.3857311173451,publicly_accessible,08:00:00,20:00:00,Daily,2024/08/13 04:58:33 PM
Douglass Dog Play Area Drinking Fountain,drinking_water,1,0,0,0,37.74642884,-122.43829272,publicly_accessible,08:00:00,20:00:00,Daily,2024/07/23 12:28:50 PM
Adam Rodgers Park - Drinking fountain,drinking_water,1,0,0,0,37.73083874,-122.38377727,publicly_accessible,08:00:00,20:00:00,Daily,2024/10/01 05:06:30 PM
Camp Mather - Drinking fountain,drinking_water,1,0,0,0,37.87944138,-119.8540079,publicly_accessible,08:00:00,20:00:00,Daily,2024/08/19 09:47:28 AM
Goldman Restrooms,restroom,0,0,0,0,37.73559816229882,-122.478895784974,publicly_accessible,08:00:00,20:00:00,Daily,2024/08/13 04:58:33 PM
Ferry Building,drinking_water,1,1,0,0,37.79542,-122.39363,limited_access,07:00:00,22:00:00,Daily,2024/10/04 01:51:23 PM
Lake Merced Boathouse,restroom,0,0,0,0,37.72547563901899,-122.49936477572166,limited_access,08:00:00,20:00:00,Daily,2024/08/21 02:15:01 PM
Park Aid Station,restroom,0,0,0,0,37.76698914381392,-122.45335127496452,limited_access,08:00:00,20:00:00,Daily,2024/08/21 02:15:01 PM
Silver Terrace Clubhouse,restroom,0,0,0,0,37.732517086819065,-122.40239900743153,publicly_accessible,08:00:00,20:00:00,Daily,2024/08/13 04:58:33 PM
Duboce Park - Drinking Fountain/Cooler,drinking_water,1,0,0,0,37.76940612,-122.43356966,limited_access,08:00:00,20:00:00,Daily,2024/07/23 12:28:50 PM
McCoppin Square - Drinking Fountain/Cooler,drinking_water,1,0,0,0,37.743363849999994,-122.48072332,publicly_accessible,08:00:00,20:00:00,Daily,2024/07/23 12:28:50 PM
Betty Ann Ong Rec Center,restroom,0,0,0,0,37.79427381465304,-122.41169060223632,publicly_accessible,08:00:00,20:00:00,Daily,2024/08/13 05:16:30 PM
John McLaren Park - Drinking Fountain/Cooler,drinking_water,1,0,0,0,37.72325484,-122.42086563,publicly_accessible,08:00:00,20:00:00,Daily,2024/07/23 12:28:50 PM
Kezar Turf Drinking fountain,drinking_water,1,1,0,0,37.7672486,-122.45680307,publicly_accessible,08:00:00,20:00:00,Daily,2024/07/23 12:28:50 PM
Restrooms,restroom,0,0,0,0,37.72556145806361,-122.39303328506476,publicly_accessible,08:00:00,20:00:00,Daily,2024/08/13 04:58:33 PM
West Portal Clubhouse,restroom,0,0,0,0,37.74168341043762,-122.4653079501994,publicly_accessible,08:00:00,20:00:00,Daily,2024/08/13 04:58:33 PM
Drinking Fountain,drinking_water,1,0,0,0,37.76632514,-122.4665871,publicly_accessible,08:00:00,20:00:00,Daily,2024/07/23 12:28:50 PM
Kezar Turf Drinking fountain,drinking_water,1,0,0,0,37.7669947,-122.45742194,publicly_accessible,08:00:00,20:00:00,Daily,2024/07/23 12:28:50 PM
George Christopher Playground - Drinking Fountain/Cooler,drinking_water,1,0,0,0,37.74424925,-122.44036075,publicly_accessible,08:00:00,20:00:00,Daily,2024/07/23 12:28:50 PM
Tenderloin Pit Stop - Eddy St. and Larkin St.,restroom,0,0,0,0,37.783353,-122.41769,publicly_accessible,,,,2024/10/10 10:39:51 AM
North Beach Branch Library,drinking_water,1,0,0,0,37.80253081500007,-122.41313485899995,limited_access,,,Daily,2024/10/10 10:24:00 AM
Golden Gate Park - Section 6 - Drinking Fountain/Cooler,drinking_water,1,1,0,0,37.76453532,-122.50499565,publicly_accessible,08:00:00,20:00:00,Daily,2024/07/23 12:28:50 PM
Helen Wills Playground - Drinking Fountain/Cooler,drinking_water,1,0,0,0,37.79571824999999,-122.42048044,publicly_accessible,08:00:00,20:00:00,Daily,2024/07/23 12:28:50 PM
Restrooms,restroom,0,0,0,0,37.73959728403332,-122.4761704225644,publicly_accessible,08:00:00,20:00:00,Daily,2024/08/13 04:58:33 PM
Tenderloin Pit Stop - 474 O'Farrell Street,restroom,0,0,0,0,37.7858991,-122.4119361,publicly_accessible,,,,2024/10/10 10:39:51 AM
Youngblood-Coleman Playground - Drinking Fountain/Cooler,drinking_water,1,0,0,0,37.73918599,-122.38562641,publicly_accessible,08:00:00,20:00:00,Daily,2024/07/23 12:28:50 PM
Golden Gate Park - Section 5 - Drinking Fountain/Cooler,drinking_water,1,0,0,0,37.770232410000006,-122.49551831,publicly_accessible,08:00:00,20:00:00,Daily,2024/07/23 12:28:50 PM
Southeast Community Center Restroom,restroom,0,0,0,0,37.7428,-122.387319,limited_access,07:00:00,19:00:00,Weekdays,2024/06/27 01:43:12 PM
Lafayette Park - Drinking Fountain/Cooler,drinking_water,1,0,0,0,37.791014219999994,-122.4273439,publicly_accessible,08:00:00,20:00:00,Daily,2024/07/23 12:28:50 PM
Sharon Arts Studio,restroom,0,0,0,0,37.768251658039155,-122.4582606346775,publicly_accessible,08:00:00,20:00:00,Daily,2024/08/21 02:15:01 PM
Margaret S.Hayward Playground - Drinking Fountain/Cooler,drinking_water,1,0,0,0,37.78087932,-122.42537904,publicly_accessible,08:00:00,20:00:00,Daily,2024/07/23 12:28:50 PM
McLaren Bike Restroom,restroom,0,0,0,0,37.71413459070176,-122.42329114112184,publicly_accessible,08:00:00,20:00:00,Daily,2024/08/21 02:15:01 PM
Alice Chalmers Clubhouse,restroom,0,0,0,0,37.70950402468936,-122.44706570405378,publicly_accessible,08:00:00,20:00:00,Daily,2024/08/13 04:58:33 PM
Christopher Clubhouse,restroom,0,0,0,0,37.74402066778578,-122.44026812980984,publicly_accessible,08:00:00,20:00:00,Daily,2024/08/13 04:58:33 PM
Excelsior Clubhouse,restroom,0,0,0,0,37.720234550340486,-122.43358551158578,publicly_accessible,08:00:00,20:00:00,Daily,2024/08/13 04:58:33 PM
Presidio Heights Playground - Drinking Fountain/Cooler,drinking_water,1,0,0,0,37.78853175,-122.44979583,publicly_accessible,08:00:00,20:00:00,Daily,2024/07/23 12:28:50 PM
Alamo Square - Drinking Fountain/Cooler,drinking_water,1,1,0,0,37.77571844,-122.43461825,publicly_accessible,08:00:00,20:00:00,Daily,2024/07/23 12:28:50 PM
Mountain Lake Park - Drinking Fountain/Cooler,drinking_water,1,0,0,1,37.786971920000006,-122.46779969,publicly_accessible,08:00:00,20:00:00,Daily,2024/07/23 12:28:50 PM
Eureka Rec Center,restroom,0,0,0,0,37.76025855824598,-122.43646112984024,publicly_accessible,08:00:00,20:00:00,Daily,2024/08/13 05:16:30 PM
Pier 7,drinking_water,1,1,0,0,37.79897,-122.39703,publicly_accessible,,,Daily,2024/10/04 01:51:23 PM
Crocker Amazon Fieldhouse,restroom,0,0,0,0,37.713562701693014,-122.43000619846528,publicly_accessible,08:00:00,20:00:00,Daily,2024/08/13 04:58:33 PM
Washington Square - Drinking Fountain/Cooler,drinking_water,1,1,0,0,37.80052342,-122.40978818,publicly_accessible,08:00:00,20:00:00,Daily,2024/07/23 12:28:50 PM
Restrooms,restroom,0,0,0,0,37.73712250106413,-122.42058678323949,publicly_accessible,08:00:00,20:00:00,Daily,2024/08/13 04:58:33 PM
Haight Ashbury Pit Stop - Stanyan and Waller streets (JCDecaux),restroom,0,0,0,0,37.7682426,-122.4534175,publicly_accessible,,,,2024/10/10 10:39:51 AM
Mid-Market Pit Stop - U.N. Plaza (JCDecaux),restroom,0,0,0,0,37.7801432,-122.4130822,publicly_accessible,,,,2024/10/10 10:39:51 AM
Restroom,restroom,0,0,0,0,37.728526970911986,-122.46602410190816,publicly_accessible,08:00:00,20:00:00,Daily,2024/08/13 04:58:33 PM
Richmond Rec Center,restroom,0,0,0,0,37.78340553001032,-122.4780934534974,publicly_accessible,08:00:00,20:00:00,Daily,2024/08/13 05:16:30 PM
Pier 14,drinking_water,1,1,0,0,37.793789,-122.392106,publicly_accessible,,,Daily,2024/10/04 01:51:23 PM
Drinking Fountain/Cooler,drinking_water,1,1,0,0,37.76398713,-122.39912816,publicly_accessible,08:00:00,20:00:00,Daily,2024/07/23 12:28:50 PM
Restrooms,restroom,0,0,0,0,37.782884097867246,-122.49085411307505,publicly_accessible,08:00:00,20:00:00,Daily,2024/08/13 04:58:33 PM
Sunset Rec Center,restroom,0,0,0,0,37.75706028122408,-122.4869080712594,publicly_accessible,08:00:00,20:00:00,Daily,2024/08/13 05:16:30 PM
Youngblood Coleman Clubhouse,restroom,0,0,0,0,37.73797742460086,-122.3841349638076,publicly_accessible,08:00:00,20:00:00,Daily,2024/08/13 04:58:33 PM
Noe Valley Courts - Drinking Fountain/Cooler,drinking_water,1,0,0,0,37.751456729999994,-122.43894594,publicly_accessible,08:00:00,20:00:00,Daily,2024/07/23 12:28:50 PM
Cow Hollow Clubhouse,restroom,0,0,0,0,37.79738737216096,-122.4446742167726,publicly_accessible,08:00:00,20:00:00,Daily,2024/08/13 04:58:33 PM
Camp Mather - Drinking fountain,drinking_water,1,0,0,0,37.88292918,-119.85583474,publicly_accessible,08:00:00,20:00:00,Daily,2024/08/19 10:00:34 AM
Union Square - Drinking Fountain/Cooler,drinking_water,1,0,0,0,37.787879229999994,-122.40697736,publicly_accessible,08:00:00,20:00:00,Daily,2024/07/23 12:28:50 PM
Drinking Fountain/Cooler,drinking_water,1,0,0,1,37.736636360000006,-122.44061655,limited_access,08:00:00,20:00:00,Daily,2024/07/23 12:28:50 PM
Noe Valley Branch Library,drinking_water,1,0,0,0,37.75022804200006,-122.43509024199994,limited_access,,,Daily,2024/10/10 10:24:00 AM
St Mary's Rec Center,restroom,0,0,0,0,37.734068492410614,-122.42170662551818,publicly_accessible,08:00:00,20:00:00,Daily,2024/09/05 02:26:25 PM
Yacht Harbor and Marina Green - Toilet,restroom,0,0,0,0,37.80665433,-122.44255446,limited_access,08:00:00,20:00:00,Daily,2024/07/23 12:28:50 PM
Argonne Playground - Drinking Fountain/Cooler,drinking_water,1,0,0,0,37.77958072,-122.47777183,publicly_accessible,08:00:00,20:00:00,Daily,2024/07/23 12:28:50 PM
Tenderloin Recreation Center - Drinking Fountain/Cooler,drinking_water,1,0,0,0,37.78479959,-122.41547704,publicly_accessible,08:00:00,20:00:00,Daily,2024/07/23 12:28:50 PM
Balboa Park - Drinking Fountain/Cooler,drinking_water,1,1,0,0,37.72582314,-122.443341,publicly_accessible,08:00:00,20:00:00,Daily,2024/07/23 12:28:50 PM
Rose Garden Bathroom,restroom,0,0,0,0,37.77152256950022,-122.47202101051468,publicly_accessible,08:00:00,20:00:00,Daily,2024/08/21 02:15:01 PM
Bayview Pit Stop - Mendell Plaza,restroom,0,0,0,0,37.7340389,-122.3908134,publicly_accessible,,,,2024/10/10 10:39:51 AM
Helen Wills Clubhouse,restroom,0,0,0,0,37.79573314221017,-122.42054753311784,publicly_accessible,08:00:00,20:00:00,Daily,2024/08/13 04:58:33 PM
Potrero Branch Library,drinking_water,1,0,0,0,37.760135940000055,-122.39766410099998,limited_access,,,Daily,2024/10/10 10:24:00 AM
Golden Gate Park - Section 1 - Drinking Fountain/Cooler,drinking_water,1,0,0,0,37.76699483,-122.45332847,limited_access,08:00:00,20:00:00,Daily,2024/07/23 12:28:50 PM
Eureka Valley Branch Library/ Harvey Milk Memorial Branch Library,drinking_water,1,0,0,0,37.76406037000004,-122.43188171699995,limited_access,,,Daily,2024/10/10 10:24:00 AM
Betty Ann Ong Chinese Rec Center - Drinking Fountain/Cooler,drinking_water,1,0,0,0,37.79437392,-122.41185105,publicly_accessible,08:00:00,20:00:00,Daily,2024/07/23 12:28:50 PM
South Restrooms,restroom,0,0,0,0,37.76680514804955,-122.4683584852519,publicly_accessible,08:00:00,20:00:00,Daily,2024/08/21 02:15:01 PM
Pier 42,restroom,0,0,0,0,37.810759,-122.410441,publicly_accessible,07:00:00,22:00:00,Daily,2024/10/04 01:51:23 PM
In Chan Kaajal Park - Drinking Fountain/Cooler,drinking_water,1,1,0,0,37.76379713,-122.41555595,publicly_accessible,08:00:00,20:00:00,Daily,2024/07/23 12:28:50 PM
Restroom,restroom,0,0,0,0,37.74353236081232,-122.48092128937846,publicly_accessible,08:00:00,20:00:00,Daily,2024/08/13 04:58:33 PM
Junipero Serra Clubhouse,restroom,0,0,0,0,37.72509664467659,-122.4740986263154,publicly_accessible,08:00:00,20:00:00,Daily,2024/08/13 04:58:33 PM
Palace of Fine Arts - Drinking Fountain/Cooler,drinking_water,1,0,0,0,37.80168735,-122.44791247,publicly_accessible,08:00:00,20:00:00,Daily,2024/07/23 12:28:50 PM
Bocce Ball Courts,restroom,0,0,0,0,37.71489675900471,-122.43204290963838,publicly_accessible,08:00:00,20:00:00,Daily,2024/08/20 10:36:57 AM
Coit Tower,restroom,0,0,0,0,37.80244444556374,-122.40586285398844,publicly_accessible,08:00:00,20:00:00,Daily,2024/08/20 10:36:57 AM
GGP 5 Dog Play Area Drinking Fountain,drinking_water,1,1,0,0,37.77094112,-122.49901861,publicly_accessible,08:00:00,20:00:00,Daily,2024/07/23 12:28:50 PM
Restrooms,restroom,0,0,0,0,37.77608607438947,-122.43432885373568,publicly_accessible,08:00:00,20:00:00,Daily,2024/08/13 04:58:33 PM
Woh Hei Yuen Clubhouse,restroom,0,0,0,0,37.79566305898598,-122.41036014811358,publicly_accessible,08:00:00,20:00:00,Daily,2024/08/13 04:58:33 PM
West Portal Playground - Drinking Fountain/Cooler,drinking_water,1,0,0,0,37.74173871,-122.46518014,publicly_accessible,08:00:00,20:00:00,Daily,2024/07/23 12:28:50 PM
McKinley Square - Drinking Fountain/Cooler,drinking_water,1,0,0,0,37.75910871999999,-122.40447578,publicly_accessible,08:00:00,20:00:00,Daily,2024/07/23 12:28:50 PM
Golden Gate Park - Section 1 - Drinking Fountain/Cooler,drinking_water,1,0,0,0,37.77273826,-122.45794473,publicly_accessible,08:00:00,20:00:00,Daily,2024/07/23 12:28:50 PM
McLaren Mansell Clubhouse,restroom,0,0,0,0,37.719149523186175,-122.4126962340035,publicly_accessible,08:00:00,20:00:00,Daily,2024/08/21 02:15:01 PM
Louis Sutter Playground - Drinking Fountain,drinking_water,1,1,0,0,37.72247854,-122.41423995,publicly_accessible,08:00:00,20:00:00,Daily,2024/07/23 12:28:50 PM
Restrooms,restroom,0,0,0,0,37.73389881070508,-122.44827786620232,publicly_accessible,08:00:00,20:00:00,Daily,2024/08/13 04:58:33 PM
Salvation Army Headquarters,drinking_water,0,1,0,0,37.7814174,-122.4020001,publicly_accessible,,,Daily,2024/06/27 01:43:12 PM
Pine Lake Dog Play Area Drinking Fountain,drinking_water,1,0,0,0,37.73679292,-122.48263593,publicly_accessible,08:00:00,20:00:00,Daily,2024/07/23 12:28:50 PM
Mission Pit Stop - SFGH Building 80/90 COVID 19 Pit Stop,restroom,0,0,0,0,37.7571167,-122.4056906,publicly_accessible,,,,2024/10/10 10:39:51 AM
Gilman Clubhouse,restroom,0,0,0,0,37.7168010634532,-122.38835499090985,publicly_accessible,08:00:00,20:00:00,Daily,2024/08/13 04:58:33 PM
Bernal Heights Branch Library,drinking_water,1,0,0,0,37.73885128400008,-122.41610523099996,limited_access,,,Daily,2024/10/10 10:24:00 AM
Chain of Lakes Restroom,restroom,0,0,0,0,37.767975489668096,-122.50181865801784,publicly_accessible,08:00:00,20:00:00,Daily,2024/09/04 01:18:59 PM
Drinking Fountain,drinking_water,1,0,0,0,37.71360476,-122.43296599,limited_access,08:00:00,20:00:00,Daily,2024/07/23 12:28:50 PM
Glen Park Rec Center,restroom,0,0,0,0,37.7370245859576,-122.44076950422266,publicly_accessible,08:00:00,20:00:00,Daily,2024/08/13 05:16:30 PM
Cabrillo Playground - Drinking Fountain/Cooler,drinking_water,1,0,0,0,37.77297404,-122.49900828,publicly_accessible,08:00:00,20:00:00,Daily,2024/07/23 12:28:50 PM
Crocker Amazon Playground - Drinking Fountain/Cooler,drinking_water,1,1,0,0,37.71379099,-122.42993906,publicly_accessible,08:00:00,20:00:00,Daily,2024/07/23 12:28:50 PM
Camp Mather - Drinking fountain,drinking_water,1,0,0,0,37.88344952,-119.85691668,publicly_accessible,08:00:00,20:00:00,Daily,2024/08/19 10:00:34 AM
Youngblood Colman Park,drinking_water,0,1,1,0,37.739575,-122.385795,publicly_accessible,,,Daily,2024/06/27 01:43:12 PM
Hayward Path Drinking Fountain,drinking_water,1,1,0,0,37.78074053,-122.42663067,publicly_accessible,08:00:00,20:00:00,Daily,2024/07/23 12:28:50 PM
Lake Merced Park - Drinking Fountain/Cooler,drinking_water,1,1,0,0,37.72594388,-122.49985019,publicly_accessible,08:00:00,20:00:00,Daily,2024/07/23 12:28:50 PM
Coleridge Mini Park - Drinking Fountain/Cooler,drinking_water,1,0,0,0,37.74428394,-122.41949465,publicly_accessible,08:00:00,20:00:00,Daily,2024/07/23 12:28:50 PM
Bayfront Park #1,drinking_water,1,1,1,1,37.767503,-122.386062,,,,,2024/10/04 01:51:23 PM
"Heron's Head Park, Eco Center",drinking_water,1,1,0,1,37.740119,-122.37597,publicly_accessible,,,Daily,2024/10/04 01:51:23 PM
West Restroom,restroom,0,0,0,0,37.72515055880462,-122.44552972539844,publicly_accessible,08:00:00,20:00:00,Daily,2024/08/13 04:58:33 PM
Minnie and Lovie Rec Center - Drinking Fountain/Cooler,drinking_water,1,1,0,0,37.71509077,-122.45890729,publicly_accessible,08:00:00,20:00:00,Daily,2024/07/23 12:28:50 PM
DuPont Tennis Courts - Drinking Fountain/Cooler,drinking_water,1,0,0,0,37.78286232,-122.49084131,publicly_accessible,08:00:00,20:00:00,Daily,2024/07/23 12:28:50 PM
Cabrillo Clubhouse,restroom,0,0,0,0,37.77310559016735,-122.49848816074775,publicly_accessible,08:00:00,20:00:00,Daily,2024/08/13 04:58:33 PM
